department,mun,adult,male,female,dist_km,urban_pct,poverty_index,mayachorti,lenca,may_pct,len_pct,may_log,len_log,wood_pct,water_piped,water_well,water_river,avg_elev,avg_tri,n1,n2,n3,n4,n5,n6,n7,n8,n9,n10,n11,n12,e1,e2,e3,e4,e5,e6,e7,e8,e9,e10,e11,e12
13,1327,1318,618,700,147.131,0,1.2725321888412018,0,620,0,47.040971168437025,0,3.8720542128366926,99.14346895074947,59.227467811158796,11.802575107296137,18.025751072961373,251.0810891384279,6.914156439431581,0,0,0,0,0,0,0,0,0,0,0,0,3.339852445820691,2.2792578687553755,1.1149385889593584,1.357982871319212,0.8835719720634542,0.5023712305753895,1.4883850969572483,1.0524106244405844,0.45954008254412154,0.49348447754423086,0.34327527225133664,0.15302727583984743
13,1328,1791,953,838,81.017,0,1.3906976744186046,0,895,0,49.97208263539922,0,3.93127808354073,99.2867332382311,67.44186046511628,11.317829457364342,14.728682170542637,1337.0464209442453,7.069587321714591,4,4,0,2,2,0,1,1,0,1,1,0,3.5028214044943575,2.37915421153616,1.120191073606536,1.4746484195299172,0.9687399378071812,0.5046769293487265,1.5078130195075368,1.054497335777876,0.45166574401436405,0.5203599654569036,0.35591693795110285,0.16384840024344527
13,1320,4763,2425,2338,82.117,0,1.4686285397001666,8,2274,0.1679613688851564,47.74301910560571,0.15525980927443286,3.8865619893563386,97.69930444087748,71.01610216546364,6.107717934480844,17.323709050527487,1071.9983058064633,8.272013191153954,3,3,0,2,2,0,1,1,0,0,0,0,10.165710261471965,6.8119785479131245,3.3408443756934205,4.175079885454054,2.672880769613536,1.4982784951487935,4.477184052104483,3.112491363612985,1.357984650159198,1.5134463239134275,1.0266064146866034,0.48458123038542883
13,1321,3422,1812,1610,109.15,0,1.4752475247524752,2,1610,0.058445353594389245,47.04850964348334,0.05680118399121984,3.872211118150325,99.214846538187,75.17136329017518,12.338156892612338,6.473724295506473,1461.9594819465594,10.998164777843712,3,3,0,0,0,0,2,2,0,1,1,0,6.357406502824397,4.220964730037632,2.131703459518053,2.7225522311821675,1.743413721274853,0.9775007976434137,2.699440758617945,1.8477400734010645,0.8494812103200047,0.9354135130242844,0.6298109353617137,0.30472145155463465
13,1322,2255,1171,1084,114.417,0,1.9801980198019802,0,1120,0,49.667405764966745,0,3.9252828195382197,99.45887445887446,47.194719471947195,0.33003300330033003,50.495049504950494,1442.7085290467035,7.36685076906228,2,2,0,0,0,0,1,1,0,1,1,0,4.582197140677433,3.0407236290840114,1.5374656477934545,1.950907808006748,1.2300649903527088,0.7195284044695831,1.965227702562656,1.3545903463452122,0.608682172116616,0.6660616301080294,0.45606829238609,0.2092550712072554
13,1323,3717,1876,1841,22.212,0,1.6662242866622428,1,1108,0.026903416733925208,29.808985741189133,0.026547882447977657,3.4278063922740802,97.70261646458201,46.18447246184472,4.180491041804911,45.38818845388188,911.387518867087,8.240769000266358,22,9,13,10,6,4,7,2,5,5,1,4,7.824795734366699,5.139772112406515,2.6782132428139525,3.2829522263311657,2.085836320195828,1.1948268747207518,3.3907220341220947,2.288353525529161,1.0991089110449703,1.1511214739134386,0.7655822666815257,0.38427745704823046
13,1324,1070,531,539,106.528,0,1.2885906040268456,0,517,0,48.3177570093458,0,3.8982841989437618,98.89624724061811,66.2192393736018,2.9082774049217,7.829977628635347,952.6930459408434,9.068808999370674,0,0,0,0,0,0,0,0,0,0,0,0,2.5422878252271897,1.68167648717689,0.8549790384689784,1.0447359313606617,0.6681595909366339,0.3782829407796658,1.1200054557489274,0.7616554905755402,0.3533803954958079,0.3775464381176003,0.2518614056647157,0.12331570219350464
13,1325,2277,1159,1118,121.944,0,1.2666666666666666,0,1125,0,49.40711462450593,0,3.9201323282993794,97.35327963176064,79.52380952380952,1.1904761904761905,9.523809523809524,918.4136344302232,9.460270774525346,3,1,2,2,1,1,0,0,0,1,0,1,5.127163208304753,3.387547773898249,1.7351745531959533,2.105483112331106,1.3523640944503812,0.7516889003677244,2.258995801077254,1.529286952951327,0.7275087411294222,0.7626842948963938,0.5058967264965408,0.2559769116988066
13,1326,1629,803,826,120.726,0,1.0757097791798107,0,300,0,18.41620626151013,0,2.9661080916430143,98.92966360856269,70.97791798107255,11.35646687697161,11.35646687697161,743.2080528223718,9.044502671719787,2,1,1,1,0,1,1,1,0,0,0,0,3.9225395923878432,2.5481994898580878,1.369775452972435,1.5930216211056731,0.989014082280805,0.6026319858174541,1.743458903123081,1.1712172699365957,0.5698786098476858,0.5860590681590889,0.3879681376406868,0.19726485730729507
13,1316,4544,2363,2181,137.961,0,2.120611551528879,1,2109,0.02200704225352113,46.412852112676056,0.021768382416794945,3.858893333566424,99.55182072829132,42.86523216308041,3.454133635334088,38.56172140430351,1098.0686329399293,8.737388865249816,2,2,0,2,2,0,0,0,0,0,0,0,9.286745332467826,6.465365745009024,2.8092786551575903,3.8475062380488247,2.5665951865949967,1.2768971139549716,4.055815294244695,2.9272212199091916,1.1225314165177753,1.3834238001743049,0.9715493385048346,0.40985012468484355
13,1317,3472,1696,1776,149.229,0,1.6095736724008975,0,1696,0,48.8479262672811,0,3.90897689608983,99.3338267949667,52.72999252056844,14.06133133881825,25.205684367988034,696.4982079573394,8.625129797482431,2,2,0,1,1,0,1,1,0,0,0,0,8.177873252317868,5.178882470438593,2.992046670822966,3.3446201822891175,2.036618310047294,1.3059426031733647,3.624692039821474,2.3615141484644586,1.259659460241758,1.2085610302072758,0.78075001192684,0.4264446074078433
13,1318,1271,653,618,111.598,0,1.1154598825831703,0,590,0,46.42014162077104,0,3.8590470671526447,97.97421731123389,84.54011741682974,0.3913894324853229,11.545988258317024,672.3839324011324,9.34130779788968,1,0,1,1,0,1,0,0,0,0,0,0,3.1213965669515376,2.092491757659591,1.025298949069645,1.271450210916224,0.81529788704462,0.45505604120600773,1.3975690464775785,0.96423651629967,0.43150707706071073,0.4523773095577351,0.312957354315301,0.13873583080292642
13,1319,4855,2472,2383,82.206,0,1.6095764272559854,0,2228,0,45.89083419155509,0,3.8478222233368307,99.05493207324277,73.72621240024554,3.8060159607120934,21.301411909146715,1628.2155845593413,8.951139759896956,7,6,1,5,5,0,2,1,1,0,0,0,9.702456876758136,6.393115012353647,3.2995618411735403,4.058936160853835,2.558976714176532,1.4968743903045352,4.2232063423562245,2.874070827739345,1.3442739160349704,1.4203143735480772,0.96006747043777,0.4584135348340346
04,0401,20511,9723,10788,5.218,70.31853925096628,0.8287351725976276,36,39,0.17551557700745943,0.19014187509141436,0.16170684029892451,0.17407252278286328,52.178436727792956,71.67799546847927,6.863921098227375,13.954418232706917,909.9132138773771,7.00476280860539,79,57,22,31,21,10,37,26,11,11,10,1,40.15573729450606,24.69059472685923,15.436144137518436,16.717903561898723,9.8898479082488,6.819722238458449,17.543853702728274,11.094552224646153,6.434678540932485,5.893980029879064,3.70619459396428,2.1817433581275005
04,0402,4337,2200,2137,110.022,0,1.9040548258138206,78,1,1.7984782107447546,0.023057412958266084,1.0290757732709952,0.022795607543543303,96.51795429815017,52.94117647058824,10.508280982295831,28.269560251284982,1086.669781841952,8.741233630963071,5,3,2,2,1,1,2,1,1,1,1,0,9.042518162569857,6.26467401691032,2.766555813221141,3.756277414477481,2.501091069175468,1.2515415037599908,3.9524164773460124,2.8298812096440233,1.1168854503425212,1.3338242707463646,0.933701738090828,0.39812885911862883
10,1012,3811,1920,1891,84.439,0,1.3673050615595075,19,1661,0.49855680923642093,43.584361060089215,0.40450251779100277,3.7973831486574023,99.19408999328408,70.79343365253078,1.3679890560875512,23.93980848153215,1404.809389372536,5.9608085321534166,4,4,0,1,1,0,3,3,0,0,0,0,6.634327369698067,4.371260935689321,2.2567448407424062,2.8016286161268527,1.7914471583992502,1.0079777514155135,2.837312215762654,1.9235238347700787,0.9107551993455996,0.9953865378085602,0.6562899425199915,0.3380118899812931
14,1410,2421,1228,1193,79.482,0,1.2726315789473683,2396,14,98.9673688558447,0.5782734407269724,4.6048438212953755,0.4563314905088416,99.38080495356037,66.73684210526316,15.473684210526315,14.526315789473685,1082.3723330321773,7.798142244075335,7,6,1,4,3,1,3,3,0,0,0,0,4.444034971495473,3.045430859824448,1.3936171064167944,1.856255967211122,1.2230727793250427,0.6315685222640239,1.9324172376867608,1.3659655903467443,0.5639805449913069,0.6553617665975902,0.4563924901526612,0.1980680391614635
14,1411,3100,1539,1561,65.328,0,1.0175292153589315,0,2,0,0.06451612903225806,0,0.06252035698133393,95.21452145214522,81.55258764607679,2.0868113522537564,8.597662771285476,1277.769160418626,5.842038169848925,8,7,1,5,4,1,2,2,0,1,1,0,7.019703394711001,4.722937289659155,2.287240442593882,2.861571773997033,1.8275806101391916,1.0311913829024917,3.1333041190427644,2.178934146009805,0.9494604359398132,1.0248275016712025,0.7164225335101586,0.30658862375157714
14,1412,1752,885,867,73.03,0,1.45821325648415,1701,2,97.08904109589042,0.1141552511415525,4.585875648770366,0.10809649547670099,99.00426742532005,65.85014409221903,9.077809798270893,21.32564841498559,1264.064941946544,7.821436920439492,4,3,1,1,1,0,1,1,0,2,1,1,3.2322088014997985,2.1482792507028208,1.0804528147991876,1.3476321532518967,0.8685923837992106,0.4779120417151317,1.3964648595291547,0.9570200859408551,0.43770220379086827,0.48811178871874694,0.322666780962755,0.16483856929318766
14,1413,6978,3294,3684,67.312,38.24485373781148,0.8400144456482485,1,42,0.014330753797649757,0.6018916595012898,0.014229039158689316,0.471185218082924,82.55854596295002,89.96027446731672,0.5417118093174431,6.139400505597688,1350.1714769319524,7.054007314723603,11,3,8,7,2,5,3,1,2,1,0,1,13.278703782473887,8.41884448408061,4.848459447808431,5.5539670171541555,3.3640269340432885,2.1865629934511905,5.802079444863739,3.7956356147115504,2.0007300358704647,1.922657320455993,1.2591819353257707,0.6611664184867756
14,1414,1874,907,967,110.758,0,1.1746478873239437,0,0,0,0,0,0,86.60220994475138,75.07042253521126,1.1267605633802817,10.422535211267606,1261.6771552416117,9.016045579814845,1,1,0,1,1,0,0,0,0,0,0,0,4.040524180082337,2.5417933966913817,1.4957239094916344,1.6652720053671435,1.0050828063548518,0.6593960537566387,1.790097883790451,1.156071698142539,0.6324806754524107,0.5851542909247421,0.3806388921939909,0.203847180282585
13,1310,3519,1763,1756,36.873,0,1.2614047791455467,1,1,0.02841716396703609,0.02841716396703609,0.02802088624215728,0.02802088624215728,96.15931721194879,63.72194062273715,0.1448225923244026,33.1643736422882,800.5571506575055,7.109001740455931,9,6,3,4,2,2,5,4,1,0,0,0,8.127478175697131,5.438922131540144,2.67933695349948,3.332500211751064,2.1342449417853495,1.1954401531540635,3.604033940762325,2.4880705952882303,1.111255294866521,1.1909440231837425,0.8166065944665637,0.37264150547889546
13,1311,4460,2304,2156,75.09,30,1.653757225433526,4,1988,0.08968609865470852,44.573991031390136,0.08588967188042973,3.8193371816776476,98.39513004980631,70.28901734104046,5.722543352601156,15.953757225433526,1218.3021131766582,7.516956842513409,1,0,1,0,0,0,1,0,1,0,0,0,9.042469479675773,6.161654004174284,2.870268158979949,3.7541250717258223,2.4474555284307193,1.3033831847458603,3.964062707169047,2.790512151148088,1.1682174415330888,1.324281700780904,0.9236863245954761,0.3986675327009995
04,0420,2577,1248,1329,29.879,0,0.9727822580645161,0,0,0,0,0,0,96.3819095477387,68.54838709677419,0.6048387096774194,29.536290322580644,1226.4491802777268,5.842624028873799,4,3,1,2,1,1,1,1,0,1,1,0,5.928788914689802,4.003530205381989,1.9170562014923562,2.4076042981415027,1.5501842431281785,0.8549169712951941,2.649513193272332,1.8514381502858923,0.7938301447915839,0.8716714232759672,0.6019078119679183,0.2683090854055785
13,1312,2659,1237,1422,131.017,0,1.3867298578199052,0,0,0,0,0,0,96.71111111111111,86.25592417061611,2.5592417061611377,7.298578199052133,362.21300260176423,7.123454230717402,1,1,0,0,0,0,1,1,0,0,0,0,6.642671424131274,4.431554379616798,2.202539926023269,2.679914946617301,1.6982780044500905,0.979086544635931,2.9770275549051473,2.0601537494400275,0.9124065317294058,0.9857289226088253,0.6731226257266796,0.31104684965793206
04,0421,10562,5270,5292,90.811,11.687998068099494,1.7210818642839893,235,2,2.2249573944328724,0.01893580761219466,1.1709197391319026,0.018758756782486424,93.703007518797,68.99299686066168,5.819850277710699,17.411253320453994,996.4818408455155,7.796782646098386,25,19,6,11,8,3,9,7,2,5,4,1,21.70238297434951,14.45516706676862,7.224860679788013,9.0662231306238,5.802148021593384,3.2567629036306442,9.449751471552887,6.489014230466007,2.949736827767532,3.1864083721728234,2.1640048147092275,1.018360948389837
13,1313,12907,6495,6412,53.474,11.129637348895374,1.4979157982492706,18,6129,0.13945920818160687,47.48586038583714,0.130553771065126,3.8812722170014986,96.9385699899295,71.19633180491871,7.669862442684453,14.089203834931222,991.0878349758146,7.839042399414691,36,16,20,21,8,13,9,5,4,6,3,3,25.660964093304713,16.996276966715275,8.63616115988039,10.674986545220678,6.768234505245573,3.897727581714718,11.177027933374188,7.668429259788119,3.4941882162220965,3.8089496147098463,2.5596132016815827,1.244245361943575
04,0422,2783,1364,1419,30.999,39.60310612597067,1.368421052631579,1,0,0.035932446999640676,0,0.03530193611251144,0,95.14893617021276,73.68421052631578,3.968938740293356,14.581535806729939,884.7381660639124,6.9063730451633605,9,6,3,3,2,1,6,4,2,0,0,0,7.3229918479892815,4.825034220779683,2.4900459265933823,2.95526784086774,1.865821762527012,1.0870992127674286,3.2920204514340203,2.2319683192338813,1.055988322422478,1.0757035556875216,0.7272441390187894,0.34695839140347573
13,1314,1715,819,896,140.784,0,1.6881405563689604,6,833,0.3498542274052478,48.57142857142857,0.2999966069202942,3.903414630891546,97.07602339181285,47.2913616398243,3.3674963396778916,46.5592972181552,263.5248323673145,5.982732412774179,1,0,1,0,0,0,1,0,1,0,0,0,4.412161343249285,3.0277858369172197,1.3778763258335696,1.7802897248504175,1.1554149318557718,0.622983648517018,1.981532392169927,1.4127761060444668,0.565331419302919,0.6503392262289404,0.4595947990169811,0.18956125801363272
04,0423,1245,613,632,23.373,0,1.1327967806841046,0,0,0,0,0,0,95.72815533980582,71.0261569416499,10.06036217303823,13.682092555331993,1001.6247107820453,8.464242453112666,10,8,2,6,5,1,2,1,1,2,2,0,3.1818791689184764,2.128852609802705,1.0491797396869122,1.2847435497277098,0.8219303641302398,0.4616834792054638,1.425328640787326,0.9857936978291499,0.43753119396093393,0.47180697840344077,0.32112854784331474,0.1499650665205146
13,1315,5004,2528,2476,155.841,0,2.1368778280542986,1,2363,0.019984012789768184,47.22222222222222,0.019786953437824002,3.8758199567641856,99.50711938663746,38.29185520361991,9.95475113122172,32.01357466063348,644.0461249082772,9.451821665168097,0,0,0,0,0,0,0,0,0,0,0,0,10.937854220486905,7.435576363566089,3.675564142350655,4.510443359099833,2.9114936068836705,1.645237036692578,4.812904969730675,3.402000057675845,1.4993100508660462,1.6145058916563975,1.1220826990065735,0.5310170547920308
14,1404,1004,514,490,99.586,0,2,0,0,0,0,0,0,99.0521327014218,74.33414043583535,2.4213075060532687,17.675544794188863,1560.0633228279578,6.809179351348935,3,1,2,1,0,1,1,1,0,1,0,1,1.9520632764035548,1.2826668472650318,0.6682145093582881,0.8254592390308185,0.5290152198313363,0.2960388087229358,0.84528940049682455,0.5653422653943898,0.27942899925766895,0.28131463687591185,0.18830936203930562,0.09274670137768327
14,1405,995,529,466,86.467,0,1.8787185354691076,0,0,0,0,0,0,99.77324263038548,51.48741418764302,10.297482837528605,34.32494279176201,1423.2171746309632,7.654864868897465,1,1,0,1,1,0,0,0,0,0,0,0,1.9209567106386412,1.3470688667809643,0.5709049224631715,0.7878600926451985,0.5295597309247744,0.2573048000407003,0.8452406804483455,0.6127154471719505,0.23105310832431736,0.2878559375450971,0.20479368868423942,0.08254701409815385
14,1406,1983,1032,951,66.954,0,1.147625160462131,0,0,0,0,0,0,98.23899371069183,67.13735558408216,2.8241335044929397,27.214377406931966,1398.1856867022743,8.465915644825598,2,1,1,1,1,0,0,0,0,1,0,1,4.512324457994279,3.023303194934613,1.4840180050357568,1.858491421851918,1.1953764217500125,0.6615724204686618,1.9914186740741628,1.373266594122977,0.6156295483106843,0.6624143620681988,0.4546601790616236,0.2068160362564106
14,1407,3156,1579,1577,61.062,0,1.0201612903225807,0,0,0,0,0,0,94.51510333863276,79.03225806451613,0.4838709677419355,17.338709677419356,1341.5811544991511,7.450818738271826,9,5,4,4,1,3,5,4,1,0,0,0,6.815863652083858,4.649592325616297,2.1579696617834316,2.801716163661364,1.829545194412584,0.9695775869558315,3.0101326474648724,2.1189615671467372,0.8870014192170808,1.004014840957622,0.7010855640569751,0.3013906556105193
16,1612,12672,6374,6298,74.151,42.96517412935324,1.2463681592039801,106,16,0.836489898989899,0.12626262626262627,0.6078560861208305,0.11890474076558355,87.3286329808069,74.7860696517413,2.5671641791044775,8.45771144278607,428.9596585607057,5.88399698489473,20,13,7,5,1,4,13,10,3,2,2,0,30.93121828881108,21.07518918589613,9.81588683935775,12.58041869553663,8.223833969581454,4.3440734672298,13.781977721786303,9.679640428700745,4.081876672916432,4.568821871488147,3.17171478761393,1.3899366992115176
14,1408,1811,908,903,49.522,0,1.1981382978723405,997,16,55.052457205963556,0.8834897846493651,4.026287988092723,0.6331263245352323,97.20744680851064,72.73936170212765,8.77659574468085,7.180851063829788,1286.3066627376777,7.782524659573808,12,9,3,5,4,1,7,5,2,0,0,0,4.137485274798934,2.756306883749505,1.3768336614917713,1.7228863286669636,1.1025606903388607,0.6189292651308447,1.8113408758217906,1.2452232029868264,0.5639662385089742,0.6032580703101794,0.4085229904238177,0.19393815785195248
14,1409,2731,1399,1332,78.154,0,1.162570888468809,0,0,0,0,0,0,98.32089552238806,70.51039697542532,6.521739130434782,20.03780718336484,1406.7269387040963,9.029898277571492,3,2,1,0,0,0,0,0,0,3,2,1,5.105518898349118,3.450883495927912,1.6494115189524594,2.1430118520101074,1.3939637060896868,0.74740223502479,2.2128920531040306,1.5420407395606448,0.6682444231909896,0.7496149932349797,0.5148790502775803,0.23376486073667987
13,1305,5335,2682,2653,111.648,0,1.5340965654554504,3,2189,0.056232427366447985,41.03092783505154,0.05470826273802301,3.7384057243158706,98.54510184287099,56.34644101543056,10.1543056246889,25.286212045793928,1273.5785450130568,6.774321458402549,1,1,0,0,0,0,0,0,0,1,1,0,11.917318213609056,7.881471204418252,4.021733537117425,4.869867265923495,3.0822501450270288,1.7833511178307584,5.2703710366644625,3.6054285871905853,1.6576468846146521,1.7770799110210989,1.1937924722006379,0.5807355346720151
04,0414,1633,847,786,38.978,0,1.6582089552238806,748,23,45.80526638089406,1.4084507042253522,3.8459957260989146,0.8789836794613444,98.67452135493373,64.02985074626866,19.55223880597015,4.626865671641791,1195.1796792293032,7.846897827122591,22,18,4,8,4,4,14,14,0,0,0,0,3.93276028115217,2.734914325554005,1.1915558141384976,1.5953514513439149,1.0605380097948913,0.5328134929132141,1.7506189671768695,1.2620439431648087,0.4853422850865393,0.5867898626313856,0.4123323725943049,0.17340003613874413
13,1306,4191,2099,2092,140.409,0,2.0299089726918074,0,1520,0,36.26819374850871,0,3.618140248364745,99.05183312262959,38.686605981794536,2.795838751625488,44.79843953185956,975.217788597633,8.999714091603918,0,0,0,0,0,0,0,0,0,0,0,0,9.469207219315797,6.175290673707574,3.1985859643545242,3.936310617731387,2.4260349084246076,1.4185076083001498,4.146977844700113,2.8143347860005914,1.3105113856498931,1.3859187568842963,0.9349209792823743,0.4695669704044815
04,0415,4198,2152,2046,66.513,0,1.5223529411764707,0,2,0,0.04764173415912339,0,0.04654167073412813,97.3744292237443,70.94117647058825,1.9411764705882355,22.411764705882355,1087.455305122908,9.24380237227548,14,7,7,5,4,1,6,2,4,3,1,2,9.634233974211977,6.5357897710604025,3.086176408574648,3.9505431002114357,2.563966278069148,1.3827601401364833,4.257035018170272,2.9900780786697068,1.2606503552616826,1.4266558558302702,0.9817454143215473,0.44276591317648195
13,1307,3608,1803,1805,97.652,0,1.3104377104377105,0,1749,0,48.47560975609756,0,3.901479815942194,95.955642530985,79.1919191919192,1.144781144781145,16.4983164983165,737.5734350083819,8.65833912581265,5,4,1,2,2,0,2,2,0,1,0,1,9.072909219949622,6.060541975825067,3.0030267192528863,3.712101286015311,2.4006731601830333,1.3084031511510754,4.006855002175093,2.7579556974885078,1.2441655895166381,1.3539529317592185,0.9019131181535258,0.45045797858517256
14,1401,8597,4091,4506,98.014,52.391653290529696,0.6914927768860353,425,1,4.943584971501687,0.0116319646388275,1.7823124818790725,0.011564833415321042,61.212121212121204,85.90690208667738,1.7014446227929372,8.924558587479936,1318.0509853514595,8.689825719253873,9,6,3,1,1,0,6,4,2,2,1,1,18.653246827464695,11.807337616156978,6.829006251686648,7.677359449529766,4.666810262598349,3.005630837646832,8.254637480949258,5.366364963088528,2.8796975313843767,2.721249896985673,1.7741623904701,0.9436778826554391
04,0416,2122,1077,1045,69.57,0,1.4074074074074074,0,0,0,0,0,0,96.47887323943662,78.01672640382318,2.2700119474313025,12.186379928315413,983.8398731203008,6.713391551796157,8,4,4,3,1,2,5,3,2,0,0,0,5.182631932027646,3.423779828287738,1.7531003093460675,2.103083024532418,1.3255760907365088,0.7759071658817837,2.3289654610324417,1.5863733338472072,0.7395486882125382,0.7505834464627854,0.5118304037040221,0.2376444552517457
13,1308,1843,973,870,66.1,0,0.9310344827586207,2,814,0.10851871947911015,44.16711882799783,0.1030246371477988,3.810369362553518,98.78213802435724,80.41379310344827,13.10344827586207,4.413793103448276,1223.4820073585017,7.635382412670898,1,0,1,1,0,1,0,0,0,0,0,0,4.308945858478008,2.944949921914826,1.3577411646790039,1.764853882836257,1.1470707248435452,0.6158738749525711,1.904824592903285,1.351854836392305,0.54972555985494,0.6392673827384663,0.4460243606789752,0.19214172987149292
14,1402,5056,2544,2512,60.69,20.203562340966922,1.6025445292620866,5,4967,0.09889240506329114,98.23971518987342,0.09430276804754101,4.597538288906881,98.77029021151009,72.1119592875318,10.432569974554708,9.669211195928753,1856.0369110332852,9.882232408252158,13,8,5,5,1,4,4,4,0,4,3,1,10.110200211348745,6.642202818970686,3.4571064953091257,4.201234345950584,2.643254722894904,1.5545295686854266,4.403092485182259,2.990661069217215,1.4069779028947011,1.505873380215903,1.0082870268585673,0.49559902372899783
04,0417,2622,1325,1297,28.077,0,1.0675182481751824,2,6,0.07627765064836003,0.2288329519450801,0.07350846808911414,0.20606489941327447,94.75587703435805,66.42335766423358,10.31021897810219,11.952554744525548,813.0103896103897,7.868608092587684,13,7,6,5,4,1,6,3,3,2,0,2,7.015420253181441,4.771621399327422,2.234299373482677,2.8181201985852624,1.8398774703668614,0.9753477724524642,3.162537780910598,2.217693872344275,0.9399005329617035,1.034762273685581,0.7140500566162857,0.31905106806850936
13,1309,7790,4042,3748,69.353,0,1.7104409857328144,1,3844,0.012836970474967908,49.34531450577664,0.012755274975126083,3.9189055563592214,99.33628318584071,70.2983138780804,2.0103761348897535,14.202334630350194,1241.3638861882441,7.776116881269119,9,3,6,4,2,2,5,1,4,0,0,0,14.75664827801425,9.890641544243415,4.850874271540431,6.217142154593777,4.005218332677472,2.206980181669422,6.369409378671704,4.401655002073432,1.9603720374524791,2.1700967447487685,1.4837682094925102,0.68352205241853
14,1403,1936,963,973,102.803,0,1.0943134535367545,1783,6,92.09710743801654,0.30991735537190085,4.533643114391298,0.2699640477205942,93.48127600554785,83.63384188626907,2.219140083217753,10.263522884882107,1126.7681981426108,7.532407407407408,1,0,1,0,0,0,0,0,0,1,0,1,4.251073743189904,2.83311392078394,1.4128520031246443,1.7396587346553798,1.102989949619569,0.6351982559285236,1.8903917226649232,1.3040075420590869,0.5837225350652329,0.6210232858696009,0.426116429105284,0.19393121213088768
04,0418,3639,1867,1772,21.644,0,1.3041749502982107,1,0,0.02748007694421544,0,0.027109277364953846,0,95.51073519843851,63.41948310139165,3.7773359840954273,25.712392312789927,716.813423163455,6.9789017411718675,34,25,9,19,14,5,11,9,2,4,2,2,8.475338184210054,5.65758125624425,2.8083548177829125,3.4926123992497806,2.236844095073383,1.25278271006665,3.7356459319155233,2.5730805429599024,1.1578455783076678,1.2470798530447507,0.8476566182109643,0.3977265294085947
04,0419,2801,1369,1432,41.442,40.213523131672595,1.2437722419928825,0,0,0,0,0,0,93.89920424403184,73.66548042704626,2.580071174377224,18.86120996441281,821.7284109110027,6.696719607771216,8,6,2,2,2,0,5,4,1,1,0,1,7.149007239692353,4.763647020683545,2.37733393286574,2.9001094655889506,1.8530055807623604,1.044716984682905,3.210148904434256,2.199213081148137,1.0068143662559585,1.0387488696691456,0.7114283587730477,0.3258025819268764
16,1602,3987,2046,1941,89.498,37.54601226993865,1.1,9,523,0.2257336343115124,13.117632304991222,0.20353954988879977,2.6474245342221074,93.71601208459215,81.47239263803681,3.496932515337423,9.631901840490798,790.8152461005818,8.49819863832673,0,0,0,0,0,0,0,0,0,0,0,0,9.458720088071914,6.369438994288171,3.1292548071477873,3.8571414084337503,2.5085864136973197,1.395809566673116,4.2141760211507355,2.9049886796028246,1.3082410445840182,1.387402658487428,0.9558639009880263,0.4252041958906529
16,1603,5551,2874,2677,80.326,0,1.3456845910528694,0,245,0,4.4136191677175285,0,1.6889178465897126,97.07576428887904,67.05829191143245,11.477632173520108,14.685946678716673,991.778076209706,8.8569712159275,1,0,1,1,0,1,0,0,0,0,0,0,10.61464219518748,7.001850585518924,3.602865036782563,4.449027825188257,2.8321062889035122,1.6137221511514326,4.5994414152592515,3.118996271337582,1.4755860910722618,1.5661729547399716,1.0507480252778294,0.5135567945588686
16,1604,7878,3946,3932,93.678,37.12728438602116,1.0987495992305225,1,24,0.012693577050012695,0.30464584920030463,0.01261368893450078,0.26593162402132364,91.29746835443038,85.02725232446296,1.7313241423533183,9.20166720102597,613.1599652359449,6.743618542668739,12,7,5,5,3,2,5,2,3,2,2,0,18.679668836960087,12.79822447347333,5.857003291361914,7.606199204172595,4.971237264281851,2.627412060645931,8.3249016453534,5.905121561144718,2.407226412246133,2.7485679874340905,1.9218656480467613,0.8223648184698499
13,1301,14763,7463,7300,54.957,23.40695148443157,1.1555032585083274,28,6685,0.1896633475580844,45.28212422949265,0.17367036588764773,3.8347558007857954,87.145124316699,79.7791455467053,3.982621288921072,11.911658218682113,1332.9515719354017,9.023367022540496,21,14,7,8,6,2,9,7,2,4,1,3,28.82185481365772,19.096231566208672,9.693534471802122,12.002987389804824,7.639016565325776,4.3537639303178874,12.574081602644872,8.588707794366766,3.9693971957425163,4.244785821208025,2.8685072065161283,1.3703733457417175
04,0410,10998,5423,5575,68.78,23.712035995500564,1.4724409448818898,24,9,0.2182214948172395,0.08183306055646482,0.1973920040004528,0.07865688068009093,92.35880398671097,74.39820022497187,2.8796400449943755,17.322834645669293,841.9155948337385,8.058043643319756,31,19,12,10,8,2,15,9,6,6,2,4,24.847795086738675,16.709472662139387,8.108453369797378,10.186957819134179,6.559114379617833,3.618486231120006,11.000927809720691,7.646031842972306,3.3396968198577572,3.6599094578838027,2.5043264395492457,1.1502703188196144
13,1302,1932,1003,929,82.57,0,1.507915567282322,5,954,0.2587991718426501,49.378881987577635,0.23015822831359434,3.9195720790858815,98.69109947643979,65.69920844327177,1.1873350923482848,27.83641160949868,1350.4642957984438,7.602506376163564,2,1,1,1,1,0,1,0,1,0,0,0,4.423050884041457,3.0698009618228532,1.3474818371778605,1.8018311292530527,1.2074993873112674,0.592485582308022,1.9476822667302331,1.3969355788732933,0.547795653070254,0.6735374880581709,0.4653659956382927,0.2072006017995845
04,0411,3530,1719,1811,58.162,0,1.374738311235171,0,1,0,0.028328611898016994,0,0.027934777331554066,93.51978171896317,75.15701325889742,3.768318213538032,16.329378925331472,621.7115475319184,5.817199316906564,17,12,5,5,3,2,9,7,2,3,2,1,9.032163680366896,6.175435095316514,2.8438071877522915,3.619214550481288,2.3675140076081034,1.247732843996913,4.071643033722186,2.8772437370509896,1.187695728518713,1.3413060961634222,0.9306773506574209,0.40837861523666524
13,1303,2775,1342,1433,156.741,0,1.429263565891473,3,1253,0.10810810810810811,45.153153153153156,0.10265415406008337,3.8319652826268684,96.71977507029054,52.51937984496124,12.209302325581394,23.15891472868217,515.2037476815337,8.096513200090138,2,1,1,0,0,0,2,1,1,0,0,0,7.089084082879172,4.634622878691483,2.446993705605074,2.8804950224924193,1.7917783597233237,1.0865564506224974,3.1639199432723437,2.138606576044373,1.0214607794034223,1.044669117114409,0.7042379429237864,0.338976475579154
04,0412,5306,2749,2557,44.127,0,1.4884407279881948,0,0,0,0,0,0,94.48633364750235,67.24053123462863,2.2134776192818495,27.643876045253318,1126.9390923684289,7.368044875981175,9,5,4,4,2,2,3,1,2,2,2,0,11.739955008412839,8.062300585921381,3.664325085123643,4.827424442742501,3.1869407355429016,1.6363903031355225,5.199896139103385,3.672538580860118,1.5206305586046502,1.7126344265669515,1.2028212695183615,0.5073042233834704
13,1304,2486,1277,1209,81.212,0,1.3872889771598809,0,1148,0,46.17860016090105,0,3.8539404033592217,97.49759384023099,80.63555114200595,4.369414101290963,10.327706057596822,1164.3083406913238,10.125457319565715,1,1,0,1,1,0,0,0,0,0,0,0,5.446123889297226,3.5478840414759714,1.8926346720838132,2.2544872563944716,1.4070125051163098,0.8457191758005299,2.386458585930528,1.607302202545043,0.7763220703382188,0.8051780469722265,0.5335693338146181,0.27059342594506447
04,0413,13301,6310,6991,52.354,51.960232601763266,1.0097542674920277,1,2,0.007518231711901361,0.015036463423802722,0.007490110666932153,0.01492453640394992,70.17190929041696,84.76833614706433,0.9754267492027763,7.99099606077659,597.7417673654948,5.352947578563744,48,35,13,16,11,5,25,18,7,7,6,1,28.39052464441679,18.394158332382343,9.968869261720402,11.715742304370345,7.281059550582558,4.426284479807464,12.500424703225045,8.352650237221997,4.133902778200363,4.174357636821397,2.760448544577785,1.4086820037125751
16,1609,3284,1717,1567,93.196,40.044910179640716,0.9041916167664671,0,962,0,29.293544457978076,0,3.4109346356239123,97.08454810495627,88.09880239520959,0.8982035928143712,6.287425149700598,812.0680006583742,8.941993992334643,0,0,0,0,0,0,0,0,0,0,0,0,8.583868801382495,6.080828201230935,2.7272604596861574,3.4932152420098284,2.3449572988410434,1.1994765627050767,3.8396884183489997,2.8170599674674004,1.1552279229285196,1.2509651410236677,0.9188109349224911,0.3725559740525609
04,0403,2414,1266,1148,32.534,0,1.68125,1874,11,77.6304888152444,0.4556752278376139,4.3647595226348,0.3754698670895657,99.70617042115573,54.0625,8.229166666666666,33.020833333333336,1133.8122766396536,8.125872992902805,12,8,4,2,0,2,4,2,2,6,6,0,4.984203160009508,3.4132987304683113,1.5647413064917892,2.059673743914272,1.3520848007157662,0.7056391158253444,2.1938300076306643,1.5489719350973372,0.6417707465162996,0.7306994084645718,0.5122419946552074,0.21733144415014513
04,0404,13614,6780,6834,118.962,21.63533834586466,1.6073308270676692,1670,5,12.266784192742765,0.03672689878066696,2.5852634823324987,0.0360685375528789,89.6716198862594,61.015037593984964,14.793233082706767,20.093984962406015,850.438448072449,8.144705509872821,18,12,6,6,6,0,9,4,5,3,2,1,24.941951707169512,16.674065907234077,8.241753542089855,10.54313993709448,6.732736900720068,3.801969465221076,10.752667269393244,7.439356673897941,3.30048325220116,3.646144500681787,2.501972332616067,1.1393008246676186
04,0405,5339,2580,2759,41.616,44.633027522935784,0.9779816513761468,0,17,0,0.3184116875819442,0,0.27642774510794543,93.62279511533242,80.45871559633028,4.26605504587156,11.559633027522937,1116.06857453913,5.959084300878258,19,13,6,12,7,5,6,5,1,1,1,0,12.417155592855357,8.066549273802789,4.335747861050269,5.040953345498116,3.1302991719082103,1.9062262240141143,5.540506900778965,3.7092115965562926,1.823645359144788,1.8356953465782746,1.2270385053382857,0.6058762778913661
04,0406,5552,2766,2786,32.338,26.747857465042852,1.2070365358592692,0,1,0,0.018011527377521614,0,0.017851241617777666,89.57968476357267,81.28101037437979,5.999097880018042,8.389715832205685,915.9815638004649,6.866508978273793,20,15,5,6,4,2,10,7,3,4,4,0,11.72981817319056,7.842681292981363,3.8750359408129595,4.910238205576612,3.149558777220616,1.7568103491016243,5.124684264657745,3.5279495128401117,1.5907835430725688,1.694895702956202,1.1651730029206355,0.5274420486387665
04,0407,2191,1125,1066,28.052,0,1.4627720504009163,2141,12,97.71793701506162,0.5476951163852123,4.59226666260345,0.4367668025301721,97.78761061946902,76.28865979381443,3.6655211912943875,8.934707903780069,987.7262327340072,7.662982772590478,14,8,6,6,4,2,7,3,4,1,1,0,4.837808718900679,3.1684238703769805,1.6645993356723492,2.00660700521217,1.2585045325329756,0.7466179598835753,2.1275914372315876,1.435756012232856,0.6894603120847347,0.703610276456921,0.4741633256111487,0.22852106370403927
04,0408,2273,1085,1188,21.807,78.73051224944321,1.175946547884187,0,0,0,0,0,0,90.13303769401331,81.9599109131403,6.347438752783964,6.570155902004454,1022.0117025414938,6.53424046939834,11,8,3,4,2,2,6,5,1,1,1,0,6.003789540138226,3.877508712302131,2.120532600931513,2.4231655619707406,1.4990132043598554,0.9225011637351497,2.7082380603909044,1.7979885628917098,0.9073111687501069,0.8723859177765804,0.5805069450505657,0.2907202684462563
04,0409,7903,4018,3885,82.486,24.703680598877106,1.6041796631316283,4,2,0.05061369100341642,0.02530684550170821,0.04937446105705537,0.024991929255749983,93.38437978560489,72.27074235807859,0.6862133499688085,16.781035558328135,754.6157348505425,7.438289816019329,27,20,7,10,5,5,12,10,2,5,5,0,16.980473589430655,11.592293044308088,5.367734483472566,7.020015016589859,4.581631979553889,2.4320061250172462,7.456770782302831,5.2680707990076305,2.1782977177979754,2.5036877905379638,1.742590265746568,0.7574306406573441
16,1628,5282,2730,2552,99.976,34.29223744292237,1.3292237442922374,0,1,0,0.01893222264293828,0,0.018755238429773568,95.96593455849394,71.64383561643835,4.06392694063927,16.84931506849315,722.0672667065911,7.587831431054122,11,8,3,4,3,1,5,3,2,2,2,0,12.42956804939279,8.621098670786655,3.792494414311022,5.090991466156116,3.4043497456848217,1.6815332735015545,5.486297988480365,3.9205796846151246,1.5576416506456352,1.8522785947563083,1.2961692404867076,0.5533194901638323
16,1620,10879,5846,5033,91.465,24.212812160694895,1.5483170466883822,0,37,0,0.3401047890431106,0,0.29274781168373926,93.40025630072618,62.82301845819761,8.295331161780673,17.61129207383279,816.2825951485755,8.058871190060858,5,4,1,2,2,0,3,2,1,0,0,0,26.18919491859693,18.794269531316278,7.358740342052047,10.69660907616691,7.40405438283849,3.280842410658671,11.627775600026562,8.579822370468083,3.029787977970284,3.8648102424034576,2.810392778009701,1.0481099534230918
14,1415,4230,2129,2101,53.509,0,1.029958058717795,0,3,0,0.07092198581560284,0,0.06851994643675614,94.75853945818609,80.76692630317555,1.7375674056321149,11.384062312762133,1076.2182388527895,4.88169006466966,15,9,6,7,5,2,6,3,3,2,1,1,9.699102195106375,6.201426447357614,3.489891661041424,3.983401224094454,2.44727003970525,1.5340142844886477,4.300741939418151,2.8226430639209985,1.4741036990888532,1.4149590315937706,0.9315133437313649,0.48177367746392324
14,1416,2952,1471,1481,78.288,40.01713796058269,1.1113967437874892,257,3,8.705962059620596,0.10162601626016261,2.2727403420139787,0.09678728494733804,79.0677966101695,70.77977720651243,0.6855184233076265,25.449871465295633,1534.9697644439236,7.002778734032579,4,2,2,2,1,1,2,1,1,0,0,0,6.208644198764465,4.175108435371908,2.0256670645870085,2.549521818836825,1.6538565822658189,0.8931036911910705,2.7394609433547834,1.8968743281595055,0.8386284387099081,0.9196614365728566,0.624377524946584,0.29393493468603
16,1622,5348,2721,2627,85.812,32.690498588899345,1.248824082784572,1,6,0.018698578908002993,0.11219147344801794,0.01852590960751448,0.10633236935821179,90.13010318528488,61.14769520225776,10.77140169332079,18.908748824082785,963.3493288742263,7.2450897094048,0,0,0,0,0,0,0,0,0,0,0,0,12.156357864318464,8.652568991540923,3.9224885809857697,5.00518134333731,3.443203815210356,1.7311861127296835,5.3619622931359645,3.9211329837096507,1.633253576760857,1.7892142278451881,1.2882321926209157,0.5580488914952291
16,1613,4872,2471,2401,55.844,42.65450861195542,1.4908814589665653,0,0,0,0,0,0,94.67827769714562,77.05167173252279,4.4579533941236065,12.76595744680851,716.5704773349618,7.885964782674362,19,16,3,11,8,3,7,7,0,1,1,0,11.955419757024542,7.895944986002968,4.0466551839008975,4.881857916935505,3.098233264264258,1.7797258488072414,5.327378060973268,3.612295269809862,1.7086096741632428,1.7461837791157682,1.1854164519288473,0.5583196609304127
16,1616,5708,2962,2746,66.041,17.75021385799829,1.6017964071856288,2,13,0.0350385423966363,0.22775052557813596,0.034438665054543474,0.2051836540195004,98.20309235269536,66.93755346449957,2.4379811804961506,21.72797262617622,872.7062227275703,7.754482649823491,15,11,4,5,4,1,9,6,3,1,1,0,12.574042785164684,8.649321068524422,3.9091490388959005,5.159245487149408,3.3929342461135312,1.7615332800760704,5.565384464387031,3.9542021801824596,1.6032472696261268,1.8494128336282454,1.3021846422284318,0.5443684891937033
