predictors,k,WAIC,CPO,DIC,Mlik,row
(intercept only),0,775.654289351369,387.83306979977027,768.8532452459058,-385.84259172699444,log marginal-likelihood (integration)
dist_km,1,519.6845961589318,261.54448123125445,510.0586563127952,-262.14250743649694,log marginal-likelihood (integration)1
poverty_index,1,769.6753007996111,385.02229297383553,756.0428749698849,-385.2430330086149,log marginal-likelihood (integration)2
may_bin,1,779.7704995271079,390.36159411603523,763.7951840035026,-388.0160558671872,log marginal-likelihood (integration)3
len_bin,1,707.0088235876169,353.538385133321,694.2106762171004,-353.37094885544224,log marginal-likelihood (integration)4
urban_pct,1,774.469470007956,387.7720623693319,759.4947406493761,-387.1061454617849,log marginal-likelihood (integration)5
wood_pct,1,756.269463850842,379.0165447702534,746.2623534659364,-380.90607352399206,log marginal-likelihood (integration)6
wood_bin,1,783.3863313049085,392.0319789931969,767.1628896360352,-389.94578436680297,log marginal-likelihood (integration)7
dist_km+poverty_index,2,494.77089821412915,248.34949699330144,487.3215850667253,-256.36009921255834,log marginal-likelihood (integration)8
dist_km+may_bin,2,497.8154656478414,250.3855266462603,487.50725648625536,-255.56139046100776,log marginal-likelihood (integration)9
dist_km+len_bin,2,509.3902573452541,256.6308248436853,496.78299295272353,-260.31121961677053,log marginal-likelihood (integration)10
dist_km+urban_pct,2,503.9650230366799,253.84540228976306,496.23365029939663,-261.1576448593437,log marginal-likelihood (integration)11
dist_km+wood_pct,2,505.3914956916815,257.8339566688706,498.60106719118266,-262.61625890300877,log marginal-likelihood (integration)12
dist_km+wood_bin,2,506.3631123101908,255.16513323308777,498.04017194990104,-260.98876621713487,log marginal-likelihood (integration)13
poverty_index+may_bin,2,779.1684759916985,391.1788510074516,752.5753565282216,-388.2194421116804,log marginal-likelihood (integration)14
poverty_index+len_bin,2,713.6188020005309,357.03550393124704,694.7866145090597,-359.41060593640094,log marginal-likelihood (integration)15
poverty_index+urban_pct,2,775.1453068734505,388.1581538067316,756.2609170263058,-391.08386137477095,log marginal-likelihood (integration)16
poverty_index+wood_pct,2,762.6745604415621,382.47012369758886,747.7804397463049,-387.1722541924591,log marginal-likelihood (integration)17
poverty_index+wood_bin,2,777.2938281867815,389.126504654169,757.8231725450993,-390.8575080309181,log marginal-likelihood (integration)18
may_bin+len_bin,2,717.2127566653992,359.1169623371469,695.6383981217074,-358.76957699122755,log marginal-likelihood (integration)19
may_bin+urban_pct,2,782.3909742495873,392.7852248326547,754.8734927674489,-389.4952266304881,log marginal-likelihood (integration)20
may_bin+wood_pct,2,769.683982117478,387.4018806910399,744.449382588629,-384.76400771988034,log marginal-likelihood (integration)21
may_bin+wood_bin,2,791.2002719315226,396.70950676662704,762.7154449162502,-392.4990654062697,log marginal-likelihood (integration)22
len_bin+urban_pct,2,719.0750557057678,360.1553228259567,696.1796707999894,-360.23762567974967,log marginal-likelihood (integration)23
len_bin+wood_pct,2,710.8779000684182,357.0946336739479,691.5555453585126,-358.31776978386523,log marginal-likelihood (integration)24
len_bin+wood_bin,2,716.8080984101817,358.82580541393236,695.9973366908305,-359.19939900741616,log marginal-likelihood (integration)25
urban_pct+wood_pct,2,762.5612345352666,382.17557625743257,747.10384184866,-386.7033765963917,log marginal-likelihood (integration)26
urban_pct+wood_bin,2,780.1413439262237,390.8011250412923,761.3589240634757,-392.70621765033434,log marginal-likelihood (integration)27
wood_pct+wood_bin,2,744.4133951034606,372.6187153354818,735.3933805462169,-379.7935410969498,log marginal-likelihood (integration)28
dist_km+poverty_index+may_bin,3,474.9907479500259,238.40620275058603,467.5963910025997,-251.2325784559684,log marginal-likelihood (integration)29
dist_km+poverty_index+len_bin,3,469.53454420802353,235.59398651312097,461.7996302046624,-248.3646091267265,log marginal-likelihood (integration)30
dist_km+poverty_index+urban_pct,3,495.5915978497912,249.20211818306035,486.9203300054167,-261.9297326174168,log marginal-likelihood (integration)31
dist_km+poverty_index+wood_pct,3,498.27541616094186,256.2467301360707,488.7808682767398,-263.0866815708084,log marginal-likelihood (integration)32
dist_km+poverty_index+wood_bin,3,497.5772454583134,250.38860766477433,488.35005636178033,-261.5296892342532,log marginal-likelihood (integration)33
dist_km+may_bin+len_bin,3,494.9512848303155,249.18283077072994,481.3761802524288,-257.27513842482324,log marginal-likelihood (integration)34
dist_km+may_bin+urban_pct,3,485.8744697106248,244.86520182832407,477.51800164072586,-256.512563257768,log marginal-likelihood (integration)35
dist_km+may_bin+wood_pct,3,483.28934036497066,245.0714788847121,476.37124196780735,-256.2395089093631,log marginal-likelihood (integration)36
dist_km+may_bin+wood_bin,3,484.3195213102634,243.7328144122061,475.6800612191166,-254.5222103492191,log marginal-likelihood (integration)37
dist_km+len_bin+urban_pct,3,483.0701502717098,242.85619624880337,474.5021630525502,-255.08957473513703,log marginal-likelihood (integration)38
dist_km+len_bin+wood_pct,3,486.56663401555943,245.96203070206735,478.955639266193,-257.5808349075449,log marginal-likelihood (integration)39
dist_km+len_bin+wood_bin,3,493.584082508152,248.97924710143786,483.6575519811234,-258.6063056292891,log marginal-likelihood (integration)40
dist_km+urban_pct+wood_pct,3,505.38486308662726,258.4786988518634,497.4748086597403,-267.53539727063196,log marginal-likelihood (integration)41
dist_km+urban_pct+wood_bin,3,505.28543413264237,254.38819361942888,496.01077559383486,-265.64523514566594,log marginal-likelihood (integration)42
dist_km+wood_pct+wood_bin,3,508.7705521777115,261.26572293095495,499.02805642429763,-267.1542204483664,log marginal-likelihood (integration)43
poverty_index+may_bin+len_bin,3,725.1811579958807,364.2063412103726,696.2121881052927,-364.8120247269785,log marginal-likelihood (integration)44
poverty_index+may_bin+urban_pct,3,785.5805169551094,394.9404388710701,752.6190059114091,-393.9655416125192,log marginal-likelihood (integration)45
poverty_index+may_bin+wood_pct,3,776.844479601498,391.38828853545664,745.9328751991608,-391.0153177898323,log marginal-likelihood (integration)46
poverty_index+may_bin+wood_bin,3,787.0761206477202,395.5512550430733,754.1954658377848,-393.74411605933295,log marginal-likelihood (integration)47
poverty_index+len_bin+urban_pct,3,722.4860285037626,361.9781113227725,696.4615675606459,-365.97228508670565,log marginal-likelihood (integration)48
poverty_index+len_bin+wood_pct,3,716.0398796467985,359.8441625121623,693.4841045455079,-364.7649469593721,log marginal-likelihood (integration)49
poverty_index+len_bin+wood_bin,3,721.032916625613,361.1507543384599,696.6803346465757,-365.0677877830781,log marginal-likelihood (integration)50
poverty_index+urban_pct+wood_pct,3,768.8407270172002,385.6046730202382,748.3808778847488,-392.84894968701786,log marginal-likelihood (integration)51
poverty_index+urban_pct+wood_bin,3,779.572477819055,390.57744874180594,756.7118469288182,-395.9121175260174,log marginal-likelihood (integration)52
poverty_index+wood_pct+wood_bin,3,749.4575236287969,375.32328860977697,735.7400832253563,-385.46971398968685,log marginal-likelihood (integration)53
may_bin+len_bin+urban_pct,3,729.714589756873,366.21746195739377,697.585076297783,-365.6220568469532,log marginal-likelihood (integration)54
may_bin+len_bin+wood_pct,3,723.5989788616483,365.1142206529569,693.1978191848342,-363.8229594504827,log marginal-likelihood (integration)55
may_bin+len_bin+wood_bin,3,728.0294073233704,365.4023335572186,697.4514333239398,-364.61069320047494,log marginal-likelihood (integration)56
may_bin+urban_pct+wood_pct,3,776.0240453041293,390.5725521524071,745.8470808267679,-390.82507695938773,log marginal-likelihood (integration)57
may_bin+urban_pct+wood_bin,3,788.3730802163506,396.367677628192,756.4730652239914,-394.9535667577049,log marginal-likelihood (integration)58
may_bin+wood_pct+wood_bin,3,758.1294524826139,381.61745423253814,734.3360170017638,-383.9510749895801,log marginal-likelihood (integration)59
len_bin+urban_pct+wood_pct,3,711.2291935683104,357.2133361146644,687.5993370236977,-361.7284347109842,log marginal-likelihood (integration)60
len_bin+urban_pct+wood_bin,3,725.1533035721418,363.427982664046,697.9531361495715,-365.768905038684,log marginal-likelihood (integration)61
len_bin+wood_pct+wood_bin,3,708.5993911530788,356.3624277978327,688.421262482144,-361.0902768716331,log marginal-likelihood (integration)62
urban_pct+wood_pct+wood_bin,3,750.4647576738516,375.6711481332163,736.549117114282,-385.7519171102097,log marginal-likelihood (integration)63
dist_km+poverty_index+may_bin+len_bin,4,459.99862188120386,230.87228029729198,451.7349552593305,-248.03302628463615,log marginal-likelihood (integration)64
dist_km+poverty_index+may_bin+urban_pct,4,477.54417667620237,240.31225503161895,468.6232842877344,-257.5006282556077,log marginal-likelihood (integration)65
dist_km+poverty_index+may_bin+wood_pct,4,478.05556812018176,245.27780306928065,469.05237065882193,-257.9557060862123,log marginal-likelihood (integration)66
dist_km+poverty_index+may_bin+wood_bin,4,477.58138224646683,240.13961823765996,468.51299475294303,-256.3349707193988,log marginal-likelihood (integration)67
dist_km+poverty_index+len_bin+urban_pct,4,467.14602383036686,234.4343887373671,459.0749589142974,-252.7875014006539,log marginal-likelihood (integration)68
dist_km+poverty_index+len_bin+wood_pct,4,471.5081702421425,242.0347993923766,462.82714106613264,-254.8766081163609,log marginal-likelihood (integration)69
dist_km+poverty_index+len_bin+wood_bin,4,473.33312745234656,238.49104427672208,463.73349911292837,-253.97687919726715,log marginal-likelihood (integration)70
dist_km+poverty_index+urban_pct+wood_pct,4,499.5964774964918,257.79651343017645,488.7346283834767,-268.52684601795596,log marginal-likelihood (integration)71
dist_km+poverty_index+urban_pct+wood_bin,4,499.6332365041487,251.5799158100679,488.8500156948085,-267.4205158342259,log marginal-likelihood (integration)72
dist_km+poverty_index+wood_pct+wood_bin,4,502.42238831283373,260.49140178570985,490.3458265924844,-268.1649750750475,log marginal-likelihood (integration)73
dist_km+may_bin+len_bin+urban_pct,4,474.2231230125296,238.61425704445264,464.6861607510419,-254.85554549277,log marginal-likelihood (integration)74
dist_km+may_bin+len_bin+wood_pct,4,473.1841874232842,238.9043530460442,465.0532249101958,-255.33733847507395,log marginal-likelihood (integration)75
dist_km+may_bin+len_bin+wood_bin,4,478.9185797698691,241.29077458376256,468.42408264275804,-255.67558603456868,log marginal-likelihood (integration)76
dist_km+may_bin+urban_pct+wood_pct,4,485.4614575674648,247.20607031194106,477.5312911420048,-262.2776890206905,log marginal-likelihood (integration)77
dist_km+may_bin+urban_pct+wood_bin,4,485.4936875473693,244.37121325409362,476.07837880670445,-260.379709390459,log marginal-likelihood (integration)78
dist_km+may_bin+wood_pct+wood_bin,4,486.0477319886609,249.53841403853187,476.82117881332476,-260.7755545756864,log marginal-likelihood (integration)79
dist_km+len_bin+urban_pct+wood_pct,4,483.93993522643063,245.9236840596661,475.5361291038207,-261.36474626822894,log marginal-likelihood (integration)80
dist_km+len_bin+urban_pct+wood_bin,4,485.4333218482514,244.0980548732213,475.95496449332137,-260.38821354828275,log marginal-likelihood (integration)81
dist_km+len_bin+wood_pct+wood_bin,4,490.28696189943014,250.21127985120108,480.89042991342626,-262.8529382908397,log marginal-likelihood (integration)82
dist_km+urban_pct+wood_pct+wood_bin,4,509.07200647446473,262.4136517161068,497.9856667457282,-272.11063004808085,log marginal-likelihood (integration)83
poverty_index+may_bin+len_bin+urban_pct,4,733.95956010661655,369.1848136556339,697.9520933133023,-371.40049590018833,log marginal-likelihood (integration)84
poverty_index+may_bin+len_bin+wood_pct,4,729.1101792111143,368.527874052953,695.142081863701,-370.27718996950523,log marginal-likelihood (integration)85
poverty_index+may_bin+len_bin+wood_bin,4,732.741576900324,368.5157447162475,698.0741200882187,-370.4484601188555,log marginal-likelihood (integration)86
poverty_index+may_bin+urban_pct+wood_pct,4,783.094921178156,394.4773081087187,747.1612453177462,-396.9916237343841,log marginal-likelihood (integration)87
poverty_index+may_bin+urban_pct+wood_bin,4,789.4602828597228,397.3049418438212,752.4996846224448,-398.4963809046198,log marginal-likelihood (integration)88
poverty_index+may_bin+wood_pct+wood_bin,4,764.071348530459,384.7435362494275,734.4725480587269,-389.59844989565335,log marginal-likelihood (integration)89
poverty_index+len_bin+urban_pct+wood_pct,4,716.6210460014727,360.11572896775095,689.5892619288041,-368.20969907626244,log marginal-likelihood (integration)90
poverty_index+len_bin+urban_pct+wood_bin,4,728.7942117771364,365.42982333981996,698.4579625244812,-371.531678573423,log marginal-likelihood (integration)91
poverty_index+len_bin+wood_pct+wood_bin,4,714.0535524831389,359.2519854499498,690.3914166221937,-367.5452233582157,log marginal-likelihood (integration)92
poverty_index+urban_pct+wood_pct+wood_bin,4,755.1413294906035,378.22972609801934,736.515623955649,-391.2416470550818,log marginal-likelihood (integration)93
may_bin+len_bin+urban_pct+wood_pct,4,722.8930687591339,364.6337136021775,689.5821667131656,-367.3848668642446,log marginal-likelihood (integration)94
may_bin+len_bin+urban_pct+wood_bin,4,736.140446309172,369.9779281413647,699.4357736270823,-371.18319724260743,log marginal-likelihood (integration)95
may_bin+len_bin+wood_pct+wood_bin,4,721.731020646089,364.8654360550753,690.1212665645224,-366.62326003790605,log marginal-likelihood (integration)96
may_bin+urban_pct+wood_pct+wood_bin,4,764.0880088328471,384.6043623078221,735.9124511439952,-390.1072917648995,log marginal-likelihood (integration)97
len_bin+urban_pct+wood_pct+wood_bin,4,709.4438318742154,356.62067672665245,685.4433872909257,-364.9737657442628,log marginal-likelihood (integration)98
dist_km+poverty_index+may_bin+len_bin+urban_pct,5,459.98459530750085,231.10046835144252,451.02329384359444,-253.4384583017808,log marginal-likelihood (integration)99
dist_km+poverty_index+may_bin+len_bin+wood_pct,5,461.9324034455334,237.2841281707378,452.826798750274,-254.57527464473344,log marginal-likelihood (integration)100
dist_km+poverty_index+may_bin+len_bin+wood_bin,5,463.54055369143066,233.4091499881074,453.5501399758712,-253.5767692889385,log marginal-likelihood (integration)101
dist_km+poverty_index+may_bin+urban_pct+wood_pct,5,480.8328064404078,246.99702115931683,470.6163950564129,-264.1774791263295,log marginal-likelihood (integration)102
dist_km+poverty_index+may_bin+urban_pct+wood_bin,5,480.76056465331266,242.0915539157195,470.2189931360946,-262.8110585041227,log marginal-likelihood (integration)103
dist_km+poverty_index+may_bin+wood_pct+wood_bin,5,481.6031850160569,248.60592448134457,470.50873509920666,-262.9719996920319,log marginal-likelihood (integration)104
dist_km+poverty_index+len_bin+urban_pct+wood_pct,5,470.4651771381073,241.83317632500246,460.62598627220154,-259.2523456723837,log marginal-likelihood (integration)105
dist_km+poverty_index+len_bin+urban_pct+wood_bin,5,469.72346266067575,236.25947454699693,459.9300425622078,-257.6880951076268,log marginal-likelihood (integration)106
dist_km+poverty_index+len_bin+wood_pct+wood_bin,5,474.84991099304904,244.87606425106057,464.30466212026073,-259.8777614167731,log marginal-likelihood (integration)107
dist_km+poverty_index+urban_pct+wood_pct+wood_bin,5,503.87530714599615,262.08452033327654,490.30565700644155,-273.6041463167593,log marginal-likelihood (integration)108
dist_km+may_bin+len_bin+urban_pct+wood_pct,5,473.7565234289916,239.86309043197275,464.73691349652245,-260.639238906237,log marginal-likelihood (integration)109
dist_km+may_bin+len_bin+urban_pct+wood_bin,5,475.6236812081954,239.23589146759488,465.29036341483646,-259.71754264213524,log marginal-likelihood (integration)110
dist_km+may_bin+len_bin+wood_pct+wood_bin,5,476.37744298471176,242.38444611252308,466.8639406325613,-260.5338675154983,log marginal-likelihood (integration)111
dist_km+may_bin+urban_pct+wood_pct+wood_bin,5,488.4105480950568,250.91718581474535,478.0169352914699,-266.83269500431135,log marginal-likelihood (integration)112
dist_km+len_bin+urban_pct+wood_pct+wood_bin,5,487.38082808728683,250.25780465090233,477.51996818660587,-266.64502185602294,log marginal-likelihood (integration)113
poverty_index+may_bin+len_bin+urban_pct+wood_pct,5,728.52831171154,368.07674538970645,691.571991194189,-373.8658055119286,log marginal-likelihood (integration)114
poverty_index+may_bin+len_bin+urban_pct+wood_bin,5,740.2466252792567,372.7471257987092,699.9340826328466,-376.942712268713,log marginal-likelihood (integration)115
poverty_index+may_bin+len_bin+wood_pct+wood_bin,5,727.5008020982997,368.45736790832234,692.0789284142069,-373.07072855021295,log marginal-likelihood (integration)116
poverty_index+may_bin+urban_pct+wood_pct+wood_bin,5,769.7220687700708,387.5513657460424,735.7792307090835,-395.62431674523265,log marginal-likelihood (integration)117
poverty_index+len_bin+urban_pct+wood_pct+wood_bin,5,714.8286340047694,359.50811145485494,687.3490388232096,-371.40170325756463,log marginal-likelihood (integration)118
may_bin+len_bin+urban_pct+wood_pct+wood_bin,5,721.5255615252522,364.44311412522666,687.4260446860429,-370.63104771139535,log marginal-likelihood (integration)119
dist_km+poverty_index+may_bin+len_bin+urban_pct+wood_pct,6,463.2098783440381,238.08599928233275,452.9578045009507,-260.08386266043027,log marginal-likelihood (integration)120
dist_km+poverty_index+may_bin+len_bin+urban_pct+wood_bin,6,463.30371740531467,233.18174986173284,452.7020989805325,-258.7351401894341,log marginal-likelihood (integration)121
dist_km+poverty_index+may_bin+len_bin+wood_pct+wood_bin,6,465.28026689952065,239.9816316876277,454.6466858914219,-259.7389289385143,log marginal-likelihood (integration)122
dist_km+poverty_index+may_bin+urban_pct+wood_pct+wood_bin,6,484.4607108084242,250.67764649625678,472.07597419347695,-269.19637507042376,log marginal-likelihood (integration)123
dist_km+poverty_index+len_bin+urban_pct+wood_pct+wood_bin,6,473.17962143304646,244.04009252428443,461.92558022317996,-264.14513814694084,log marginal-likelihood (integration)124
dist_km+may_bin+len_bin+urban_pct+wood_pct+wood_bin,6,476.95050131857647,244.00378599777312,466.62325044361694,-265.8636829421159,log marginal-likelihood (integration)125
poverty_index+may_bin+len_bin+urban_pct+wood_pct+wood_bin,6,727.15964607429,367.9216341031678,689.3283655882751,-377.05649167444494,log marginal-likelihood (integration)126
dist_km+poverty_index+may_bin+len_bin+urban_pct+wood_pct+wood_bin,7,466.2988523800566,240.47841174172217,454.6875686944726,-265.18769203352696,log marginal-likelihood (integration)127
